{
    "1,989 Sisters": 0.0005461496450027307,
    "8liens": 0.0002525252525252525,
    "Artie": 0.00025588536335721597,
    "Azuki": 0.0014749262536873156,
    "Broskees": 0.0006169031462060457,
    "CloneX": 5.955216769890424e-05,
    "CRYPTOPUNKS": 0.000315357931251971,
    "Darkflex": 0.00036443148688046647,
    "Ghidorah Godz": 0.00031269543464665416,
    "GOATz": 0.000244081034903588,
    "Hashmasks": 0.00011233430689732644,
    "Ibutsu": 0.00030478512648582747,
    "input": 0.0033112582781456954,
    "ToadPunks": 0.0002704895861509332,
    "VOXSeries1": 0.0001988862370723946
}